{"pi_w": -0.00136752887797255, "hydrophobic_w": -0.24889236670162992, "hbond_weak_w": -0.07180821075107931, "multipolar_w": -2.3957814409302683e-06, "repulsive_w": -0.15117200930911642, "desolvation_w": -0.21080619267965667, "hbond_classic_w": -1.2522372043672725, "ionic_w": -4.975000000000446, "favorable_lip_a": 0.0999993918100602, "favorable_lip_b": 0.3999983676865374, "favorable_lip_c": 0.6906104827329702, "favorable_lip_d": 0.18238701194418172, "favorable_lip_e": -0.6316726766969235, "favorable_hb_a": 0.09141502239243214, "favorable_hb_b": 0.19130042495179372, "favorable_hb_c": 0.5919378955628272, "favorable_hb_d": 0.2248267251763274, "favorable_hb_e": -1.0512158010391706, "unfavorable_a": 0.2986743039752646, "unfavorable_c": 0.5007602486319537, "hbond_rho1": 69.95076337053969, "hbond_rho2": 55.65562584894954, "lipophilic_rho1": 11.505714759746706, "lipophilic_rho2": 21.46650509316393, "bfactor_rho1": -0.05566645800349647, "bfactor_rho2": 0.028279031966395796, "strain_weight_0": -2.5783876114549245e-10, "strain_weight_1": -0.022842069396943502, "strain_weight_2": -0.48187216257012216, "rotation_entropy_w": -0.6751812389892778, "clash_penalty": 0.5549603661127428}
