{"pi_w": -0.07435105769683417, "hydrophobic_w": -0.06309831930322676, "hbond_weak_w": -0.056022185788321244, "multipolar_w": -0.020018013585571905, "repulsive_w": -0.04161035624945887, "desolvation_w": -0.13128784765987228, "hbond_classic_w": -0.2575432264812168, "ionic_w": -0.1765648797949396, "favorable_lip_a": 0.0999865075581967, "favorable_lip_b": 0.39968479605059565, "favorable_lip_c": 0.7903454114711017, "favorable_lip_d": 0.4956790041419961, "favorable_lip_e": -1.5450808542300238, "favorable_hb_a": 0.09351018567138517, "favorable_hb_b": 0.26874110245376265, "favorable_hb_c": 0.4710287681645299, "favorable_hb_d": 0.29468077418151567, "favorable_hb_e": -0.4036441167627877, "unfavorable_a": 0.2999075786399022, "unfavorable_c": 0.5005100630343203, "hbond_rho1": 50.455925302955826, "hbond_rho2": 57.45160399072978, "lipophilic_rho1": 19.205766641846076, "lipophilic_rho2": 21.41581509284962, "bfactor_rho1": 0.1378666970946909, "bfactor_rho2": 0.16883290955658137, "strain_weight_0": -0.00209470385460526, "strain_weight_1": -0.15202902039531196, "strain_weight_2": -0.007945886472344097, "rotation_entropy_w": -3.362359614358454e-06, "clash_penalty": 0.4958471107950378}
