{"pi_w": -0.06307327234473165, "hydrophobic_w": -0.03666481235392525, "hbond_weak_w": -0.04326188814152524, "multipolar_w": -0.019966358787951787, "repulsive_w": -0.04166345024299469, "desolvation_w": -0.009285163034685207, "hbond_classic_w": -0.22894058170851508, "ionic_w": -0.1765648797949396, "favorable_lip_a": 0.09999493880055929, "favorable_lip_b": 0.39996346524216725, "favorable_lip_c": 0.7973224179336481, "favorable_lip_d": 0.49999927370319464, "favorable_lip_e": -1.5894887876167716, "favorable_hb_a": 0.09351018567138517, "favorable_hb_b": 0.26874110245376265, "favorable_hb_c": 0.4704490552863173, "favorable_hb_d": 0.2937745928417865, "favorable_hb_e": -0.4015320096557217, "unfavorable_a": 0.29990714415021325, "unfavorable_c": 0.5005102385721926, "hbond_rho1": 50.45643655414059, "hbond_rho2": 57.45253364011616, "lipophilic_rho1": 19.205766641846076, "lipophilic_rho2": 21.41581509284962, "bfactor_rho1": 0.1591254471438346, "bfactor_rho2": 0.16338481665271354, "strain_weight_0": -0.0035014158660310606, "strain_weight_1": -0.12236027976638547, "strain_weight_2": -5.154179015906084e-09, "rotation_entropy_w": -3.527789958418665e-06, "clash_factor": 0.5011126435789334}
