{"pi_w": -0.05570019058158055, "hydrophobic_w": -0.054630546620355755, "hbond_weak_w": -0.03602473905146211, "multipolar_w": -0.010571209018945819, "repulsive_w": -1.0881343454480734, "desolvation_w": -0.007357327061097679, "hbond_classic_w": -0.1888807170013813, "ionic_w": -3.882077619942787, "favorable_lip_a": 0.09999758546616191, "favorable_lip_b": 0.39998227134748493, "favorable_lip_c": 0.7900359525815628, "favorable_lip_d": 0.49521821347185097, "favorable_lip_e": -1.184953657452783, "favorable_hb_a": 0.05022196873516992, "favorable_hb_b": 0.2949230338278071, "favorable_hb_c": 0.43471106030803347, "favorable_hb_d": 0.25773821778604034, "favorable_hb_e": -0.13259221654999218, "unfavorable_a": 0.2471694869272332, "unfavorable_c": 0.5491318391789828, "hbond_rho1": 51.389797143175805, "hbond_rho2": 57.66155165716231, "lipophilic_rho1": 31.428611794620554, "lipophilic_rho2": 15.480224356983644, "bfactor_rho1": 0.08564674907700544, "bfactor_rho2": 0.2900329791945478, "strain_weight_0": -0.022334190137775475, "strain_weight_1": -0.08869490377406988, "strain_weight_2": -1.2951911830492425e-06, "rotation_entropy_w": -0.0014420903441814102, "clash_penalty": 0.32697130884330305}
