{"pi_w": -0.07455422510714267, "hydrophobic_w": -0.043145636959998644, "hbond_weak_w": -0.05347933806600506, "multipolar_w": -0.024267342575601456, "repulsive_w": -0.04166345024299469, "desolvation_w": -0.02241061175254081, "hbond_classic_w": -0.23760856100355982, "ionic_w": -0.1765648797949396, "favorable_lip_a": 0.09999999990004668, "favorable_lip_b": 0.3999999999000467, "favorable_lip_c": 0.7903079572122426, "favorable_lip_d": 0.4969793979685669, "favorable_lip_e": -1.5641967492253217, "favorable_hb_a": 0.09351018567138517, "favorable_hb_b": 0.26874110245376265, "favorable_hb_c": 0.4710463226463769, "favorable_hb_d": 0.2947095948102579, "favorable_hb_e": -0.39893771501874226, "unfavorable_a": 0.29990714415021325, "unfavorable_c": 0.5005102385721926, "hbond_rho1": 50.45740425339714, "hbond_rho2": 57.45258988857196, "lipophilic_rho1": 19.205766641846076, "lipophilic_rho2": 21.41581509284962, "bfactor_rho1": 0.16088103110436364, "bfactor_rho2": 0.16401380177827282, "strain_weight_0": -0.0007541777656660861, "strain_weight_1": -0.111683717796659, "strain_weight_2": -5.154179015906084e-09, "rotation_entropy_w": -0.008443196314109471, "clash_penalty": 0.5004922133388178}
