{"pi_w": -1e-10, "hydrophobic_w": -1e-10, "hbond_weak_w": -1e-10, "multipolar_w": -1e-10, "repulsive_w": -1e-10, "desolvation_w": -1e-10, "hbond_classic_w": -1e-10, "ionic_w": -0.1765648797949396, "favorable_lip_a": 0.09999493880055929, "favorable_lip_b": 0.39996346524216725, "favorable_lip_c": 0.050000000100000004, "favorable_lip_d": 0.4999999999, "favorable_lip_e": 1.9999999998, "favorable_hb_a": 0.09351018567138517, "favorable_hb_b": 0.26874110245376265, "favorable_hb_c": 0.050000000100000004, "favorable_hb_d": 0.4999999999, "favorable_hb_e": 0.06818908545272483, "unfavorable_a": 0.2999999999, "unfavorable_c": 0.6363418505145885, "hbond_rho1": 50.47204105598508, "hbond_rho2": 57.464360579123245, "lipophilic_rho1": 19.205766641846076, "lipophilic_rho2": 21.41581509284962, "bfactor_rho1": 0.12380822086306131, "bfactor_rho2": 0.14880820354664606, "strain_weight_0": -1.9999999998, "strain_weight_1": -1.9999999998, "strain_weight_2": -5.154179015906084e-09, "rotation_entropy_w": -0.5000033915266796, "clash_factor": 0.5011126435789334}
