{"pi_w": -0.0832171163132066, "hydrophobic_w": -0.38269763199517787, "hbond_weak_w": -0.06473416678993288, "multipolar_w": -2.093599033697921e-07, "repulsive_w": -0.33454195251847924, "desolvation_w": -0.18652850937306992, "hbond_classic_w": -0.32809246314982415, "ionic_w": -0.1765648797949359, "favorable_lip_a": 0.09999493880050637, "favorable_lip_b": 0.3999634652422506, "favorable_lip_c": 0.7789716071831575, "favorable_lip_d": 0.4999999999999999, "favorable_lip_e": -0.20758255683794175, "favorable_hb_a": 0.09351018567142805, "favorable_hb_b": 0.26874110245377075, "favorable_hb_c": 0.7257005653687854, "favorable_hb_d": 0.4949876418234537, "favorable_hb_e": -0.2650224673202231, "unfavorable_a": 0.29999747239827196, "unfavorable_c": 0.694648346558555, "hbond_rho1": 55.58729546573358, "hbond_rho2": 58.19540006485912, "lipophilic_rho1": 19.2057666418461, "lipophilic_rho2": 21.415815092849602, "bfactor_rho1": -0.017581109639394236, "bfactor_rho2": 0.05857378012031065, "strain_weight_0": -0.0011425927823310138, "strain_weight_1": -0.015609182539816297, "strain_weight_2": -5.1542160547112895e-09, "rotation_entropy_w": -0.0014432675714665672, "clash_factor": 0.5011126435789179}
