{"pi_w": -0.05954456168273931, "hydrophobic_w": -0.06514890527906914, "hbond_weak_w": -0.2626953492544769, "multipolar_w": -0.021708307277270415, "repulsive_w": -0.04331427138547099, "desolvation_w": -0.20663338722997748, "hbond_classic_w": -0.30611865631508406, "ionic_w": -0.18078512923206777, "favorable_lip_a": 0.09999493880055929, "favorable_lip_b": 0.39996346524216725, "favorable_lip_c": 0.6398540430900038, "favorable_lip_d": 0.4999995971699355, "favorable_lip_e": -0.43747228735966337, "favorable_hb_a": 0.09351018567138517, "favorable_hb_b": 0.26874110245376265, "favorable_hb_c": 0.47324822499676356, "favorable_hb_d": 0.29759360644169713, "favorable_hb_e": -0.40546064240933705, "unfavorable_a": 0.2965945592041184, "unfavorable_c": 0.5005243712269603, "hbond_rho1": 50.457984007838554, "hbond_rho2": 57.450707506447465, "lipophilic_rho1": 19.205766641846076, "lipophilic_rho2": 21.41581509284962, "bfactor_rho1": -0.0014173513550321435, "bfactor_rho2": 0.14495465228045715, "strain_weight_0": -0.022820498374033778, "strain_weight_1": -0.1265329132491774, "strain_weight_2": -5.154179015906084e-09, "rotation_entropy_w": -0.013096937503657792, "clash_factor": 0.5011126435789334}
