{"pi_w": -0.06610698877600618, "hydrophobic_w": -0.06494118095908545, "hbond_weak_w": -0.3314788246731737, "multipolar_w": -0.020871112380503185, "repulsive_w": -0.10939899680741415, "desolvation_w": -0.26436609420371904, "hbond_classic_w": -0.43320695660368763, "ionic_w": -0.17654471327623875, "favorable_lip_a": 0.09999493880055929, "favorable_lip_b": 0.39996346524216725, "favorable_lip_c": 0.6456385946745359, "favorable_lip_d": 0.4998390710246916, "favorable_lip_e": -0.33240835285245923, "favorable_hb_a": 0.09351018567138517, "favorable_hb_b": 0.26874110245376265, "favorable_hb_c": 0.47275349315226195, "favorable_hb_d": 0.3057087783972479, "favorable_hb_e": -0.37395501835701866, "unfavorable_a": 0.2998203396490044, "unfavorable_c": 0.5006795123986475, "hbond_rho1": 50.46841830991231, "hbond_rho2": 57.45333136276396, "lipophilic_rho1": 19.205766641846076, "lipophilic_rho2": 21.41581509284962, "bfactor_rho1": 0.0005714471097870972, "bfactor_rho2": 0.1429322615910126, "strain_weight_0": -0.012006929573940001, "strain_weight_1": -0.20070650110246688, "strain_weight_2": -5.154179015906084e-09, "rotation_entropy_w": -0.02494349666640285, "clash_factor": 0.5011126435789334}
